{"type": "block", "layer": 1, "block": 0, "features": [{"geom": {"polygons": [[[[-52.272834550822154, 4.597775008529425], [14.437872921465896, 30.078901920467615], [18.49852468026802, 22.000568263232708], [-47.63208968308754, -3.9532271083444357], [-52.272834550822154, 4.597775008529425]]]], "centroids": [[-17.129617867525667, 13.034444835036993, 31.5]], "h": 4.5}, "mtl": {"idx": 0}}], "featureCount": 1, "startIndex": 0}