{"type": "block", "layer": 2, "block": 0, "features": [{"geom": {"triangles": {"v": [-91.98597745248117, -5.39334411919117, 31.5, -84.23597745248117, -18.39334411919117, 31.5, -68.48597745248117, 3.6066558808088303, 31.5, -86.61097745248117, -19.39334411919117, 31.5, -56.110977452481166, -7.39334411919117, 31.5, -58.798477452481166, 7.60665588080883, 31.5, -69.86097745248117, 7.60665588080883, 31.5, -60.298477452481166, 11.60665588080883, 31.5, -74.98597745248117, 20.60665588080883, 31.5, -65.54847745248117, 25.60665588080883, 31.5, -75.36097745248117, 21.60665588080883, 31.5, -67.54847745248117, 30.60665588080883, 31.5, -77.48597745248117, 26.60665588080883, 31.5, -70.11097745248117, 36.60665588080883, 31.5, -79.98597745248117, 32.60665588080883, 31.5, -80.54847745248117, 34.60665588080883, 31.5, -71.36097745248117, 40.60665588080883, 31.5, -54.110977452481166, 9.60665588080883, 31.5, 3.1390225475188345, 15.60665588080883, 31.5, -2.2359774524811655, 29.60665588080883, 31.5, 5.1390225475188345, 16.60665588080883, 31.5, 20.639022547518834, 38.60665588080883, 31.5, 21.889022547518834, 38.60665588080883, 31.5, 55.139022547518834, 35.60665588080883, 31.5, 29.951522547518834, 41.60665588080883, 31.5, 22.639022547518834, 43.60665588080883, 31.5, 26.264022547518834, 45.60665588080883, 31.5, 26.639022547518834, 49.60665588080883, 31.5, 20.264022547518834, 45.60665588080883, 31.5, 21.201522547518834, 44.60665588080883, 31.5, 20.701522547518834, 50.60665588080883, 31.5, 19.951522547518834, 49.60665588080883, 31.5, 19.451522547518834, 46.60665588080883, 31.5, 19.264022547518834, 47.60665588080883, 31.5, 19.326522547518834, 48.60665588080883, 31.5, 22.139022547518834, 51.60665588080883, 31.5, 26.014022547518834, 50.60665588080883, 31.5, 23.576522547518834, 51.60665588080883, 31.5, 24.764022547518834, 51.60665588080883, 31.5, 26.951522547518834, 46.60665588080883, 31.5, 27.076522547518834, 48.60665588080883, 31.5, 27.139022547518834, 47.60665588080883, 31.5, 31.389022547518834, 42.60665588080883, 31.5, 49.701522547518834, 49.60665588080883, 31.5, 93.51402254751883, 50.60665588080883, 31.5, 88.20152254751883, 64.60665588080883, 31.5], "f": [0, 1, 2, 0, 3, 1, 2, 1, 4, 5, 2, 4, 5, 6, 2, 7, 6, 5, 8, 6, 7, 9, 8, 7, 10, 8, 9, 9, 11, 10, 11, 12, 10, 13, 12, 11, 14, 12, 13, 13, 15, 14, 16, 15, 13, 5, 4, 17, 18, 17, 4, 19, 17, 18, 19, 18, 20, 21, 19, 20, 22, 21, 20, 23, 22, 20, 24, 22, 23, 25, 22, 24, 26, 25, 24, 27, 25, 26, 28, 25, 27, 28, 29, 25, 28, 27, 30, 28, 30, 31, 31, 32, 28, 31, 33, 32, 31, 34, 33, 27, 35, 30, 27, 36, 35, 36, 37, 35, 38, 37, 36, 27, 26, 39, 27, 39, 40, 40, 39, 41, 42, 24, 23, 43, 42, 23, 44, 43, 23, 45, 43, 44]}, "centroids": [[-6.125888808630407, 23.22170784883201, 31.5]]}, "mtl": {"idx": 0}}], "featureCount": 1, "startIndex": 0}