{"type": "block", "layer": 3, "block": 0, "features": [{"geom": {"polygons": [[[[-52.91738244879525, 4.339955847710371], [-28.3601075244369, 14.072629112750292], [-24.213516045478173, 5.1563831847161055], [-49.43682379811071, -4.554805148392916], [-52.91738244879525, 4.339955847710371]]]], "centroids": [[-38.66857704089489, 4.758712567389011, 27.0]], "h": 4.5}, "mtl": {"idx": 0}}], "featureCount": 1, "startIndex": 0}