{"type": "block", "layer": 5, "block": 0, "features": [{"geom": {"polygons": [[[[-74.23437283595558, -4.225991971790791], [-46.73417663038708, 6.286624839529395], [-43.21489752782509, -2.139163786545396], [-70.87524522456806, -12.84086156450212], [-74.23437283595558, -4.225991971790791]]]], "centroids": [[-58.79231452988461, -3.246566593647003, 22.5]], "h": 4.5}, "mtl": {"idx": 0}}], "featureCount": 1, "startIndex": 0}