{"type": "block", "layer": 6, "block": 0, "features": [{"geom": {"polygons": [[[[-76.2915234232787, 1.0498655159026384], [-70.87524522456806, -12.84086156450212], [-86.590477452497, -18.953144120052457], [-91.98107745242305, -5.0189441200345755], [-76.2915234232787, 1.0498655159026384]]]], "centroids": [[-81.4362595283892, -8.944564742967486, 22.5]], "h": 4.5}, "mtl": {"idx": 0}}], "featureCount": 1, "startIndex": 0}