{"type": "block", "layer": 13, "block": 0, "features": [{"geom": {"polygons": [[[[93.48502254753839, 50.24215588159859], [55.11082254757639, 35.595955880358815], [5.128622547490522, 16.519255880266428], [3.154722547507845, 15.765855880454183], [-56.08557745243888, -7.1519441194832325], [-84.25997745245695, -18.05154411867261], [-86.590477452497, -18.953144120052457], [-91.98107745242305, -5.0189441200345755], [-68.49647745245602, 4.0663558803498745], [-69.8907774524996, 7.582555880770087], [-74.9585774524603, 20.363355880603194], [-75.36417745251674, 21.386055881157517], [-77.46457745251246, 26.683155881240964], [-80.00697745243087, 33.094855880364776], [-80.53767745243385, 34.433455880731344], [-71.36687745247036, 40.31625588051975], [-70.090077452478, 37.01455588079989], [-67.53087745246012, 30.396955881267786], [-65.57647745253053, 25.34335588105023], [-60.27677745244, 11.638955879956484], [-58.799077452509664, 7.817955881357193], [-54.081577452481724, 9.642955880612135], [-2.2358774525346234, 29.700055880472064], [20.650322547531687, 38.487255880609155], [21.86322254757397, 38.952955881133676], [22.653922547469847, 43.80325588025153], [21.20932254754007, 44.195055881515145], [20.279922547517344, 45.20225588046014], [19.469822547514923, 46.54665588028729], [19.274422547547147, 47.496255880221725], [19.342922547482885, 48.663255881518126], [19.92852254747413, 49.88015588000417], [20.731622547493316, 50.76105588115752], [22.124522547470406, 51.547855880111456], [23.603922547539696, 51.60115588083863], [24.783222547499463, 51.4488558806479], [26.000822547473945, 50.56295588053763], [26.641422547516413, 49.57885588146746], [27.065722547471523, 48.52185588143766], [27.141722547472455, 47.29515588097274], [26.92802254750859, 46.416355879977345], [26.294022547546774, 45.29545588046312], [29.97082254756242, 42.06585588119924], [31.370422547566704, 42.603255880996585], [49.698022547527216, 49.64005587995052], [88.18032254755963, 64.4152558799833], [93.48502254753839, 50.24215588159859]]]], "centroids": [[-6.125888808630407, 23.22170784883201, 0.0]], "h": 40.5}, "mtl": {"idx": 0}}], "featureCount": 1, "startIndex": 0}